v1.4.17,2025-12-03T12:25:47
v1.4.18,2025-12-10T12:24:18
v1.5.0,2025-12-16T10:55:44
v1.6.0,2026-01-07T15:31:32
v1.6.1,2026-01-14T14:59:36
v1.6.2,2026-01-21T10:32:58
v1.6.3,2026-01-23T10:03:59
v1.6.4,2026-01-28T16:39:57
v1.6.5,2026-01-29T10:53:44
v1.7.0,2026-02-04T15:39:09
v1.7.2,2026-02-11T12:49:40
v1.8.0,2026-02-19T07:38:08
v1.9.0,2026-02-24T11:02:55
v1.10.1,2026-03-05T12:08:05
v1.10.2,2026-03-12T10:00:45
v1.10.3,2026-03-19T11:02:59
v1.10.4,2026-03-26T11:23:28
v1.10.5,2026-04-09T16:03:35
v1.10.7,2026-04-16T14:18:07
v1.10.9,2026-04-21T12:27:36
