51369b2,2025-11-27T13:17:26
v1.4.17,2025-12-03T12:16:10
v1.4.18,2025-12-10T11:43:51
v1.5.0,2025-12-16T10:47:07
v1.6.0,2026-01-07T15:21:42
v1.6.1,2026-01-14T14:40:27
v1.6.2,2026-01-21T10:11:36
v1.6.3,2026-01-23T09:20:04
v1.6.4,2026-01-28T16:20:09
v1.6.5,2026-01-29T10:30:48
v1.7.0,2026-02-04T15:09:41
v1.7.2,2026-02-11T12:24:40
v1.8.0,2026-02-19T07:20:31
2d57379,2026-02-20T15:11:24
v1.9.0,2026-02-24T10:54:27
v1.10.1,2026-03-05T11:57:15
v1.10.2,2026-03-12T08:48:21
v1.10.3,2026-03-19T10:34:34
v1.10.4,2026-03-26T11:23:21
c754571,2026-04-07T16:37:13
v1.10.5,2026-04-08T15:04:35
v1.10.6,2026-04-13T16:12:34
v1.10.7,2026-04-16T10:26:02
